Movie Name,Genre,Country,Time Line,Opening Date
그린 북,드라마,미국,130분,2019.01.09 개봉
가버나움,드라마,"레바논, 프랑스",126분,2019.01.24 개봉
원더,드라마,미국,113분,"2021.02.11 재개봉,  2017.12.27 개봉"
아일라,"드라마, 전쟁","대한민국, 튀르키예",123분,2018.06.21 개봉
당갈,"드라마, 액션",인도,161분,2018.04.25 개봉
먼 훗날 우리,"드라마, 멜로/로맨스",중국,120분,
쇼생크 탈출,드라마,미국,142분,"2016.02.24 재개봉,  1995.01.28 개봉"
덕구,드라마,대한민국,91분,2018.04.05 개봉
보헤미안 랩소디,드라마,"미국, 영국",134분,2018.10.31 개봉
포레스트 검프,"드라마, 코미디",미국,142분,"2016.09.07 재개봉,  1994.10.15 개봉"
위대한 쇼맨,"드라마, 뮤지컬",미국,104분,"2020.05.21 재개봉,  2017.12.20 개봉"
인생은 아름다워,뮤지컬,대한민국,122분,2022.09.28 개봉
헬프,드라마,미국,146분,2011.11.03 개봉
캐스트 어웨이,"드라마, 모험",미국,143분,2001.02.03 개봉
쉰들러 리스트,"드라마, 전쟁",미국,196분,"2019.01.24 재개봉,  1994.03.05 개봉"
죽은 시인의 사회,드라마,미국,128분,"2021.04.01 재개봉, 2016.08.17 재개봉,  1990.05.19 개봉"
히든 피겨스,드라마,미국,127분,2017.03.23 개봉
집으로...,"드라마, 가족",대한민국,87분,"2019.09.05 재개봉,  2002.04.05 개봉"
여인의 향기,"드라마, 코미디",미국,157분,1993.03.20 개봉
아이 캔 스피크,드라마,대한민국,119분,2017.09.21 개봉
동주,드라마,대한민국,110분,2016.02.17 개봉
굿바이 마이 프랜드,드라마,미국,97분,1996.08.05 개봉
굿 윌 헌팅,드라마,미국,126분,"2016.08.17 재개봉,  1998.03.21 개봉"
미스 슬로운,"드라마, 스릴러",미국,132분,2017.03.29 개봉
자산어보,드라마,대한민국,126분,2021.03.31 개봉
지상의 별처럼,드라마,인도,163분,2012.09.06 개봉
아마데우스,드라마,미국,180분,"2015.10.29 재개봉,  1985.11.23 개봉"
두 교황,드라마,"미국, 영국, 이탈리아, 아르헨티나",126분,2019.12.11 개봉
아이 엠 샘,드라마,미국,132분,2002.10.18 개봉
그대를 사랑합니다,드라마,대한민국,118분,2011.02.17 개봉
빌리 엘리어트,"드라마, 가족, 코미디","영국, 프랑스",110분,"2017.01.18 재개봉,  2001.02.17 개봉"
피아니스트,"드라마, 전쟁","프랑스, 독일, 폴란드, 영국, 네덜란드",148분,"2015.06.18 재개봉,  2003.01.03 개봉"
시네마 천국,"드라마, 멜로/로맨스","프랑스, 이탈리아",124분,"2020.04.22 재개봉, 2013.09.26 재개봉, 1993.11.13 재개봉,  1990.07.07 개봉"
소원,드라마,대한민국,122분,2013.10.02 개봉
우리들의 일그러진 영웅,드라마,대한민국,119분,1992.08.15 개봉
블라인드 사이드,드라마,미국,128분,2010.04.15 개봉
패왕별희 디 오리지널,드라마,"중국, 홍콩",171분,"2021.03.31 재개봉, 2020.05.01 재개봉, 2017.03.30 재개봉,  1993.12.24 개봉"
코러스,드라마,"프랑스, 스위스, 독일",97분,"2010.10.29 재개봉,  2005.03.03 개봉"
뷰티풀 투모로우,드라마,대한민국,68분,2017.10.26 개봉
8월의 크리스마스,"드라마, 멜로/로맨스",대한민국,97분,"2013.11.06 재개봉,  1998.01.24 개봉"
록키,"드라마, 액션",미국,120분,"2017.11.29 재개봉,  1977.06.11 개봉"
일급 살인,"드라마, 범죄",미국,122분,1995.03.18 개봉
달링,"드라마, 멜로/로맨스",영국,118분,2018.04.12 개봉
시월애,"드라마, 멜로/로맨스, 판타지",대한민국,94분,2000.09.09 개봉
인생,드라마,"중국, 대만",132분,1995.05.27 개봉
허스토리,드라마,대한민국,121분,2018.06.27 개봉
내 이름은 칸,드라마,인도,127분,2011.03.24 개봉
"나, 다니엘 블레이크",드라마,"영국, 프랑스, 벨기에",100분,2016.12.08 개봉
천국의 아이들,"드라마, 코미디",이란,87분,"2017.02.09 재개봉,  2001.03.17 개봉"
공동경비구역 JSA,"드라마, 전쟁, 코미디, 미스터리",대한민국,110분,"2015.10.15 재개봉,  2000.09.09 개봉"
반지의 제왕: 왕의 귀환,"판타지, 모험, 액션, 전쟁","뉴질랜드, 미국",263분,"2021.03.18 재개봉, 2017.01.25 재개봉,  2003.12.17 개봉"
해리 포터와 마법사의 돌,"판타지, 가족, 모험, 액션","영국, 미국",152분,"2021.09.15 재개봉, 2018.10.24 재개봉,  2001.12.14 개봉"
반지의 제왕: 두 개의 탑,"판타지, 모험, 액션","뉴질랜드, 미국",235분,"2021.03.18 재개봉, 2017.01.18 재개봉,  2002.12.19 개봉"
반지의 제왕: 반지 원정대,"판타지, 모험, 액션","뉴질랜드, 미국",228분,"2021.03.11 재개봉, 2017.01.11 재개봉,  2001.12.31 개봉"
천녀유혼,"판타지, 공포, 멜로/로맨스, 액션",홍콩,98분,"2019.04.04 재개봉, 2015.03.19 재개봉,  1987.12.25 개봉"
가위손,"판타지, 멜로/로맨스",미국,100분,"2014.05.22 재개봉,  1991.06.29 개봉"
조 블랙의 사랑,"판타지, 미스터리, 멜로/로맨스, 드라마",미국,178분,1998.12.19 개봉
캐리비안의 해적 - 블랙 펄의 저주,"판타지, 코미디, 모험, 액션",미국,143분,2003.09.05 개봉
온워드: 단 하루의 기적,"판타지, 모험",미국,102분,2020.06.17 개봉
천녀유혼 3,"판타지, 공포, 멜로/로맨스, 액션",홍콩,105분,"2015.04.30 재개봉,  1991.08.03 개봉"
벤자민 버튼의 시간은 거꾸로 간다,"판타지, 멜로/로맨스, 드라마",미국,166분,"2017.11.16 재개봉,  2009.02.12 개봉"
천녀유혼 2,"판타지, 공포, 멜로/로맨스",홍콩,103분,"2015.04.09 재개봉,  1990.07.14 개봉"
캐리비안의 해적 - 망자의 함,"판타지, 모험, 액션, 코미디",미국,143분,2006.07.06 개봉
해리 포터와 비밀의 방,"판타지, 가족, 모험, 액션","영국, 미국",162분,"2019.02.20 재개봉,  2002.12.13 개봉"
팀 버튼의 크리스마스 악몽,"판타지, 가족, 뮤지컬",미국,75분,"2006.12.07 재개봉,  1995.01.14 개봉"
스타더스트,"판타지, 모험, 멜로/로맨스, 코미디","영국, 미국",128분,2007.08.15 개봉
드라큐라,"판타지, 공포, 멜로/로맨스",미국,128분,1993.01.16 개봉
찰리와 초콜릿 공장,"판타지, 모험, 코미디, 가족","미국, 영국",114분,2005.09.16 개봉
미녀와 야수,"애니메이션, 가족, 드라마, 판타지, 멜로/로맨스, 뮤지컬",미국,85분,"2012.04.11 재개봉,  1992.07.04 개봉"
해리 포터와 아즈카반의 죄수,"판타지, 가족, 모험, 액션","미국, 영국",141분,"2021.05.05 재개봉, 2020.02.26 재개봉,  2004.07.16 개봉"
스트레인저 댄 픽션,"판타지, 코미디, 드라마, 멜로/로맨스",미국,112분,2007.09.06 개봉
"당신, 거기 있어줄래요","판타지, 드라마",대한민국,111분,2016.12.14 개봉
큐브,"판타지, SF, 공포",캐나다,90분,1999.10.23 개봉
나니아 연대기 - 캐스피언 왕자,"판타지, 모험, 가족","영국, 미국",145분,2008.05.15 개봉
천국의 우편배달부,"판타지, 멜로/로맨스",대한민국,107분,2009.11.11 개봉
13층,"판타지, 미스터리, 멜로/로맨스, SF, 스릴러","독일, 미국",98분,1999.11.27 개봉
천년여우 여우비,"판타지, 가족, 애니메이션",대한민국,85분,2007.01.25 개봉
스파이더위크가의 비밀,"판타지, 모험, 드라마, 가족",미국,95분,2008.02.14 개봉
록키 호러 픽쳐 쇼,"판타지, 코미디, 공포, 뮤지컬","영국, 미국",100분,"2016.10.13 재개봉,  1998.06.20 개봉"
호빗: 다섯 군대 전투,"판타지, 모험","뉴질랜드, 미국",144분,"2021.12.02 재개봉,  2014.12.17 개봉"
호빗 : 스마우그의 폐허,"판타지, 모험, 드라마","미국, 뉴질랜드",161분,"2021.11.24 재개봉,  2013.12.12 개봉"
아더와 미니모이: 제1탄 비밀 원정대의 출정,"판타지, 가족, 모험, 애니메이션","미국, 프랑스",102분,2009.07.09 개봉
미스 페레그린과 이상한 아이들의 집,"판타지, 미스터리",미국,127분,2016.09.28 개봉
호빗 : 뜻밖의 여정,"판타지, 모험","미국, 뉴질랜드",169분,"2021.11.18 재개봉,  2012.12.13 개봉"
존 말코비치 되기,"판타지, 코미디",미국,112분,2000.05.13 개봉
"오늘 밤, 로맨스 극장에서","판타지, 멜로/로맨스",일본,109분,2018.07.11 개봉
불청객,판타지,대한민국,66분,2010.09.30 개봉
헝거게임: 캣칭 파이어,"판타지, 액션",미국,146분,2013.11.21 개봉
비밀,"판타지, 드라마, 멜로/로맨스",일본,119분,"2014.03.27 재개봉,  2002.10.11 개봉"
판의 미로 - 오필리아와 세 개의 열쇠,"판타지, 드라마","미국, 멕시코, 스페인",119분,"2019.05.02 재개봉,  2006.11.30 개봉"
내안의 그놈,"판타지, 코미디",대한민국,122분,2019.01.09 개봉
말레피센트,"판타지, 모험, 드라마",미국,97분,2014.05.29 개봉
캐리비안의 해적 - 세상의 끝에서,"판타지, 모험, 액션, 코미디",미국,168분,2007.05.23 개봉
인랑,"판타지, 스릴러, 액션, 애니메이션",일본,98분,"2019.09.04 재개봉,  2000.12.01 개봉"
경계선,"판타지, 멜로/로맨스, 스릴러","스웨덴, 덴마크",110분,2019.10.24 개봉
슬리피 할로우,"판타지, 스릴러, 액션, 공포",미국,111분,2000.01.29 개봉
신비한 동물사전,"판타지, 모험","영국, 미국",132분,"2022.03.23 재개봉,  2016.11.16 개봉"
메리 포핀스 리턴즈,"판타지, 뮤지컬",미국,130분,2019.02.14 개봉
케이트 앤 레오폴드,"판타지, 멜로/로맨스, 코미디",미국,118분,2003.10.31 개봉
환생,"판타지, 멜로/로맨스",일본,104분,2003.10.31 개봉
뱀파이어와의 인터뷰,"공포, 드라마",미국,123분,1994.12.31 개봉
에이리언,"공포, SF",미국,117분,1987.10.01 개봉
싸이코,"공포, 스릴러, 미스터리",미국,109분,1962.07.28 개봉
죠스,"공포, 스릴러",미국,124분,1978.04.22 개봉
무서운 집,공포,대한민국,98분,"2015.08.08 재개봉,  2015.07.30 개봉"
사탄의 인형,"공포, 스릴러",미국,87분,1991.10.26 개봉
"장화, 홍련","공포, 스릴러",대한민국,118분,2003.06.13 개봉
알 포인트,"공포, 미스터리, 액션, 전쟁",대한민국,106분,2004.08.20 개봉
블레이드 2,"공포, 액션",미국,116분,2002.04.05 개봉
딥 블루 씨,"공포, 스릴러, 액션, SF",미국,104분,1999.09.11 개봉
플라이,"공포, SF, 드라마",미국,100분,1988.08.13 개봉
엑소시스트,공포,미국,132분,"2001.05.19 재개봉,  1975.05.24 개봉"
카메라를 멈추면 안 돼!,"공포, 코미디",일본,95분,2018.08.23 개봉
나이트메어,"공포, 스릴러, 판타지",미국,91분,1985.03.23 개봉
렛 미 인,"공포, 드라마",스웨덴,114분,"2015.12.03 재개봉,  2008.11.13 개봉"
링,"공포, 드라마, 스릴러, 미스터리",일본,98분,1999.12.11 개봉
새벽의 저주,"공포, 스릴러, 드라마, 액션",미국,100분,2004.05.14 개봉
패컬티,"공포, 미스터리, SF",미국,104분,1999.05.22 개봉
오펀: 천사의 비밀,"공포, 미스터리, 스릴러, 드라마","미국, 캐나다, 프랑스, 독일",123분,2009.08.20 개봉
스크림,"공포, 스릴러",미국,111분,1999.01.16 개봉
오멘,"공포, 스릴러, 미스터리",미국,111분,1977.06.03 개봉
쏘우 2,"공포, 스릴러",미국,92분,2006.02.16 개봉
데스티네이션,"공포, 액션, 스릴러, 판타지",미국,97분,2000.06.10 개봉
여고괴담 두번째 이야기,공포,대한민국,98분,1999.12.24 개봉
컨저링 2,공포,미국,134분,2016.06.09 개봉
팬도럼,"공포, SF, 스릴러","미국, 독일",108분,"2015.10.01 재개봉,  2009.10.22 개봉"
본즈 앤 올,"공포, 멜로/로맨스",미국,131분,2022.11.30 개봉
더 셀,"공포, 스릴러, 판타지",미국,107분,2000.10.28 개봉
시실리 2km,"공포, 코미디",대한민국,109분,2004.08.13 개봉
이블 데드,공포,미국,85분,1989.09.02 개봉
여고괴담,"공포, 스릴러",대한민국,107분,1998.05.30 개봉
매드니스,"공포, 판타지, 미스터리, 스릴러",미국,95분,1995.03.18 개봉
데드 얼라이브,"공포, 코미디",뉴질랜드,85분,1996.08.14 개봉
불신지옥,"공포, 미스터리",대한민국,106분,2009.08.12 개봉
맨 인 더 다크,"공포, 스릴러",미국,88분,2016.10.05 개봉
스켈리톤 키,"공포, 스릴러, 드라마, 멜로/로맨스, 미스터리","미국, 독일",103분,2005.08.25 개봉
트라이앵글,"공포, 미스터리, 스릴러, 드라마","영국, 오스트레일리아",99분,2018.08.29 개봉
제인 도,공포,"영국, 미국",86분,2017.08.23 개봉
반교: 디텐션,공포,대만,103분,2020.08.13 개봉
하우스 오브 왁스,"공포, 스릴러","오스트레일리아, 미국",112분,2005.05.20 개봉
컨저링,"공포, 스릴러",미국,112분,2013.09.17 개봉
더 로드,"공포, 미스터리, 스릴러","프랑스, 미국",82분,2005.08.19 개봉
떼시스,"공포, 미스터리, 스릴러",스페인,125분,1997.11.22 개봉
에이리언 2020,"공포, SF, 스릴러","오스트레일리아, 미국",108분,2000.05.20 개봉
1408,"공포, 스릴러",미국,94분,2007.08.01 개봉
사일런트 힐,"공포, 스릴러, 판타지, 미스터리","캐나다, 일본, 미국, 프랑스",124분,2006.11.09 개봉
라스트 나잇 인 소호,"공포, 스릴러, 미스터리",영국,117분,2021.12.01 개봉
마마,"공포, 스릴러","스페인, 캐나다",100분,2013.01.23 개봉
어느날 갑자기 세번째 이야기 - D-day,공포,대한민국,92분,2006.08.03 개봉
스테이크 랜드,"공포, 액션",미국,98분,2012.08.09 개봉
클래식,"멜로/로맨스, 드라마",대한민국,132분,2003.01.30 개봉
사운드 오브 뮤직,"멜로/로맨스, 뮤지컬, 드라마",미국,172분,"2017.02.02 재개봉, 2012.01.23 재개봉, 1995.09.30 재개봉, 1978.02.04 재개봉,  1969.10.29 개봉"
타이타닉,"멜로/로맨스, 드라마",미국,194분,"2018.02.01 재개봉, 2012.04.05 재개봉,  1998.02.20 개봉"
"지금, 만나러 갑니다","멜로/로맨스, 드라마, 판타지",일본,118분,"2018.04.19 재개봉,  2005.03.25 개봉"
로망,멜로/로맨스,대한민국,112분,2019.04.03 개봉
플립,"멜로/로맨스, 드라마",미국,90분,"2021.04.21 재개봉,  2017.07.12 개봉"
소년시절의 너,"멜로/로맨스, 드라마, 범죄, 가족",중국,135분,"2021.04.22 재개봉, 2021.02.10 재개봉,  2020.07.09 개봉"
말할 수 없는 비밀,"멜로/로맨스, 판타지, 드라마",대만,101분,"2015.05.07 재개봉,  2008.01.10 개봉"
사랑과 영혼,"멜로/로맨스, 드라마",미국,127분,"2017.12.27 재개봉,  1990.11.24 개봉"
첫 키스만 50번째,"멜로/로맨스, 코미디",미국,99분,"2017.06.22 재개봉,  2004.04.15 개봉"
러브 앳,"멜로/로맨스, 코미디","프랑스, 벨기에",118분,2019.11.27 개봉
어바웃 타임,"멜로/로맨스, 코미디",영국,123분,2013.12.05 개봉
사랑의 블랙홀,"멜로/로맨스, 코미디, 판타지",미국,101분,1993.12.04 개봉
러브 어페어,"멜로/로맨스, 드라마",미국,108분,1995.03.11 개봉
첨밀밀,"멜로/로맨스, 드라마",홍콩,118분,1997.03.01 개봉
그해 여름,"멜로/로맨스, 드라마",대한민국,121분,2006.11.30 개봉
오직 그대만,멜로/로맨스,대한민국,105분,2011.10.20 개봉
이터널 선샤인,"멜로/로맨스, 드라마, SF",미국,107분,"2015.11.05 재개봉,  2005.11.10 개봉"
파이란,"멜로/로맨스, 드라마",대한민국,116분,"2021.11.18 재개봉,  2001.04.28 개봉"
노팅 힐,"멜로/로맨스, 코미디",영국,124분,"2019.04.17 재개봉,  1999.07.03 개봉"
너는 내 운명,"멜로/로맨스, 드라마",대한민국,121분,2005.09.23 개봉
이프 온리,"멜로/로맨스, 코미디, 드라마, 판타지","미국, 영국",96분,"2017.11.29 재개봉,  2004.10.29 개봉"
노트북,"멜로/로맨스, 드라마",미국,123분,"2020.11.04 재개봉, 2016.10.19 재개봉,  2004.11.26 개봉"
꽃다발 같은 사랑을 했다,멜로/로맨스,일본,123분,2021.07.14 개봉
당신이 잠든 사이에,"멜로/로맨스, 코미디, 가족",미국,103분,1995.05.13 개봉
더티 댄싱,"멜로/로맨스, 드라마",미국,100분,"2007.11.23 재개봉,  1988.01.01 개봉"
동감,"멜로/로맨스, 판타지",대한민국,111분,"2020.05.14 재개봉,  2000.05.27 개봉"
성원,"멜로/로맨스, 드라마",홍콩,95분,2000.01.15 개봉
블루 라군,"멜로/로맨스, 모험",미국,104분,1988.07.16 개봉
청설,"멜로/로맨스, 드라마",대만,109분,"2018.11.08 재개봉,  2010.06.17 개봉"
"그 시절, 우리가 좋아했던 소녀","멜로/로맨스, 드라마",대만,107분,"2021.04.29 재개봉, 2016.12.22 재개봉,  2012.08.22 개봉"
보디가드,액션,홍콩,92분,1994.08.06 개봉
연애소설,"멜로/로맨스, 드라마",대한민국,106분,2002.09.13 개봉
마법에 걸린 사랑,"멜로/로맨스, 드라마, 뮤지컬, 코미디",미국,106분,2008.01.10 개봉
내 이야기!!,"멜로/로맨스, 코미디",일본,105분,2018.04.12 개봉
번지 점프를 하다,멜로/로맨스,대한민국,101분,"2017.11.02 재개봉,  2001.02.03 개봉"
선물,"멜로/로맨스, 드라마",대한민국,110분,2001.03.24 개봉
오버 더 레인보우,멜로/로맨스,대한민국,109분,2002.05.17 개봉
윤희에게,멜로/로맨스,대한민국,105분,2019.11.14 개봉
"나는 내일, 어제의 너와 만난다","멜로/로맨스, 판타지",일본,110분,2017.10.12 개봉
러브 액츄얼리,"멜로/로맨스, 드라마, 코미디","영국, 미국",130분,"2021.12.23 재개봉, 2020.12.16 재개봉, 2019.12.18 재개봉, 2017.12.20 재개봉, 2015.12.17 재개봉, 2013.12.18 재개봉,  2003.12.05 개봉"
"다만, 널 사랑하고 있어","멜로/로맨스, 드라마",일본,116분,2007.08.15 개봉
에버 애프터,"멜로/로맨스, 코미디",미국,121분,1999.01.16 개봉
미드나잇 선,멜로/로맨스,미국,92분,2018.06.21 개봉
...ing,"멜로/로맨스, 드라마",대한민국,110분,2003.11.28 개봉
비포 선라이즈,"멜로/로맨스, 드라마","오스트리아, 미국",100분,"2016.04.07 재개봉,  1996.03.30 개봉"
내 머리 속의 지우개,"멜로/로맨스, 코미디, 드라마",대한민국,117분,2004.11.05 개봉
그 여자 작사 그 남자 작곡,"멜로/로맨스, 코미디",미국,103분,"2017.11.16 재개봉,  2007.02.28 개봉"
나의 소녀시대,"멜로/로맨스, 드라마",대만,134분,"2020.08.19 재개봉,  2016.05.11 개봉"
블랙북,"멜로/로맨스, 전쟁, 스릴러, 드라마","네덜란드, 영국, 독일",134분,2007.03.29 개봉
베일리 어게인,"모험, 코미디, 드라마",미국,100분,2018.11.22 개봉
나 홀로 집에,"모험, 범죄, 가족, 코미디",미국,105분,1991.07.06 개봉
알라딘,"애니메이션, 뮤지컬, 코미디, 가족, 모험, 드라마, 멜로/로맨스",미국,90분,1993.07.03 개봉
나 홀로 집에 2 - 뉴욕을 헤매다,"모험, 액션, 범죄, 스릴러, 코미디, 가족",미국,115분,1992.12.18 개봉
해리 포터와 죽음의 성물 - 2부,"모험, 판타지, 미스터리","영국, 미국",131분,2011.07.13 개봉
에이트 빌로우,"모험, 드라마, 가족",미국,120분,2006.04.06 개봉
미이라,"모험, 판타지, 액션, 공포, 스릴러, 코미디",미국,120분,1999.07.10 개봉
빠삐용,"모험, 범죄, 드라마","미국, 프랑스",150분,"2016.08.25 재개봉, 1990.09.29 재개봉,  1974 개봉"
쥬만지,"모험, 판타지, 가족, 액션, 코미디",미국,104분,1996.01.20 개봉
블러드 다이아몬드,"모험, 드라마, 스릴러","미국, 독일",142분,2007.01.11 개봉
버킷리스트: 죽기 전에 꼭 하고 싶은 것들,"모험, 코미디, 드라마",미국,97분,"2017.11.29 재개봉,  2008.04.09 개봉"
인디아나 존스 - 최후의 성전,"모험, 액션, 판타지",미국,127분,1989.07.22 개봉
구니스,"모험, 가족, 코미디, 스릴러",미국,115분,1986.07.19 개봉
볼트,"모험, 코미디, 가족, 판타지, 애니메이션",미국,96분,2008.12.31 개봉
진용,"모험, 액션, 멜로/로맨스",홍콩,97분,1990.12.15 개봉
인디아나 존스,"모험, 액션, 판타지",미국,118분,1985.05.08 개봉
곰돌이 푸 다시 만나 행복해,모험,미국,104분,2018.10.03 개봉
본 슈프리머시,"모험, 미스터리, 스릴러, 액션, 드라마","미국, 독일",110분,2004.08.20 개봉
킹콩,"모험, 판타지, 액션","뉴질랜드, 미국",186분,2005.12.14 개봉
스노우 워커,"모험, 드라마",캐나다,103분,2005.02.25 개봉
레이더스,"모험, 액션",미국,115분,1982.02.27 개봉
콜 오브 와일드,"모험, 드라마, 가족",미국,100분,2020.05.14 개봉
미이라 2,"모험, 액션, 스릴러, 공포, 판타지",미국,133분,2001.06.16 개봉
라이프 오브 파이,"모험, 드라마, 판타지",미국,127분,"2018.04.12 재개봉,  2013.01.01 개봉"
극장판 포켓몬스터 너로 정했다!,"모험, 가족, 애니메이션",일본,98분,2017.12.21 개봉
미션 임파서블 3,"모험, 미스터리, 액션, 스릴러",미국,124분,2006.05.03 개봉
극장판 원피스 스탬피드,"모험, 액션, 판타지, 애니메이션",일본,101분,2020.02.13 개봉
월터의 상상은 현실이 된다,"모험, 드라마, 판타지",미국,114분,"2017.12.27 재개봉,  2013.12.31 개봉"
포켓몬 더 무비 XY&Z 「볼케니온 : 기계왕국의 비밀」,"모험, 판타지, 가족, 애니메이션",일본,95분,2016.12.22 개봉
극장판 도라에몽: 진구의 마계 대모험 7인의 마법사,"모험, 판타지, 가족, 애니메이션",일본,115분,2008.07.17 개봉
괴물,"모험, 액션, 스릴러, 코미디, 드라마, SF, 판타지",대한민국,119분,2006.07.27 개봉
더 폴: 오디어스와 환상의 문,"모험, 드라마, 판타지","인도, 영국, 미국",117분,2008.12.04 개봉
트래쉬,"모험, 드라마, 스릴러",영국,113분,2015.05.14 개봉
옥자,"모험, 액션, 드라마","대한민국, 미국",120분,2017.06.29 개봉
정글북,"모험, 드라마",미국,106분,2016.06.09 개봉
워터월드,"모험, 액션",미국,136분,1995.09.02 개봉
마션,"모험, 드라마, SF","미국, 영국",144분,2015.10.08 개봉
에놀라 홈즈,"모험, 범죄, 드라마",영국,123분,
노스페이스,"모험, 드라마","독일, 오스트리아, 스위스",126분,2010.06.03 개봉
프리즌 이스케이프,"모험, 스릴러","영국, 오스트레일리아",106분,2020.05.06 개봉
로드 투 퍼디션,"모험, 범죄, 드라마, 스릴러",미국,117분,2002.09.13 개봉
해적: 바다로 간 산적,"모험, 액션",대한민국,130분,2014.08.06 개봉
라이온 킹,"애니메이션, 모험, 드라마, 가족",미국,89분,"2011.12.29 재개봉,  1994.07.09 개봉"
거울나라의 앨리스,"모험, 가족, 판타지",미국,112분,2016.09.07 개봉
벤허,"모험, 드라마",미국,123분,2016.09.14 개봉
피터와 드래곤,"모험, 가족, 판타지",미국,103분,2016.09.28 개봉
벼랑 위의 포뇨,"모험, 가족, 애니메이션",일본,100분,2008.12.17 개봉
허비 - 첫 시동을 걸다,"모험, 코미디, 가족, 판타지, 멜로/로맨스",미국,100분,2005.08.19 개봉
워터호스,"모험, 가족, 판타지","미국, 영국, 오스트레일리아",111분,2008.03.20 개봉
127 시간,"모험, 드라마, 스릴러","미국, 영국",93분,2011.02.17 개봉
올빼미,스릴러,대한민국,118분,2022.11.23 개봉
저수지 게임,"스릴러, 다큐멘터리",대한민국,100분,2017.09.07 개봉
미져리,"스릴러, 공포, 드라마",미국,104분,1991.03.01 개봉
하녀,스릴러,대한민국,111분,"2010.06.03 재개봉,  1960.11.03 개봉"
김복남 살인사건의 전말,스릴러,대한민국,115분,2010.09.02 개봉
모리타니안,"스릴러, 드라마",미국,129분,2021.03.17 개봉
조커,"스릴러, 드라마",미국,123분,2019.10.02 개봉
범죄의 여왕,스릴러,대한민국,103분,2016.08.25 개봉
배드 지니어스,스릴러,타이,130분,2017.11.02 개봉
프레스티지,"스릴러, 드라마, SF","영국, 미국",130분,2006.11.02 개봉
올가미,스릴러,대한민국,100분,1997.11.01 개봉
레드 스패로,스릴러,미국,140분,2018.02.28 개봉
몽타주,"스릴러, 드라마",대한민국,120분,2013.05.16 개봉
분노,"스릴러, 드라마",일본,142분,2017.03.30 개봉
더 스파이,스릴러,미국,112분,2021.04.28 개봉
닥터 슬립,스릴러,미국,152분,2019.11.07 개봉
리턴,"스릴러, 미스터리",대한민국,113분,2007.08.08 개봉
해피 엔드,스릴러,대한민국,99분,1999.12.11 개봉
폴: 600미터,"스릴러, 액션","영국, 미국",107분,2022.11.16 개봉
나를 찾아줘,스릴러,미국,149분,2014.10.23 개봉
더 테러 라이브,"스릴러, 드라마",대한민국,97분,2013.07.31 개봉
더 재킷,"스릴러, 판타지, 공포, 드라마","미국, 영국, 독일",102분,2008.01.10 개봉
제로 다크 서티,"스릴러, 액션, 드라마",미국,157분,2013.03.07 개봉
노인을 위한 나라는 없다,"스릴러, 드라마, 범죄",미국,122분,"2018.08.09 재개봉,  2008.02.21 개봉"
팅커 테일러 솔저 스파이,스릴러,"영국, 프랑스, 독일",127분,"2021.04.08 재개봉,  2012.02.09 개봉"
랜섬,"스릴러, 드라마",미국,121분,1996.12.07 개봉
작전명 발키리,"스릴러, 드라마, 전쟁","미국, 독일",120분,2009.01.22 개봉
무언의 목격자,"스릴러, 코미디","독일, 영국, 미국, 러시아 연방",90분,1996.04.05 개봉
롱 키스 굿나잇,"스릴러, 액션",미국,120분,1996.12.14 개봉
콰이어트 플레이스 2,스릴러,미국,97분,2021.06.16 개봉
트위스터,"스릴러, 액션",미국,107분,1996.07.13 개봉
블라인드 멜로디,스릴러,인도,139분,2019.08.28 개봉
아나콘다,"스릴러, 공포","미국, 브라질, 페루",89분,1997.08.09 개봉
퍼펙트 스톰,"스릴러, 드라마",미국,130분,2000.07.29 개봉
프리즈너스,"스릴러, 범죄, 드라마",미국,153분,2013.10.02 개봉
딥 라이징,"스릴러, 액션, 공포",미국,101분,1999.04.17 개봉
아웃브레이크,스릴러,미국,125분,1995.04.01 개봉
밀레니엄 : 여자를 증오한 남자들,"스릴러, 드라마","미국, 스웨덴, 영국, 독일",158분,2012.01.11 개봉
블라인드,스릴러,대한민국,111분,2011.08.10 개봉
썸 오브 올 피어스,"스릴러, 액션, 드라마",미국,123분,2002.08.02 개봉
인썸니아,스릴러,미국,118분,2002.08.15 개봉
히든 페이스,스릴러,"콜롬비아, 스페인",97분,2014.09.12 개봉
프리즈 프레임,"스릴러, 범죄, 드라마","영국, 아일랜드",99분,2005.07.07 개봉
섹스 마네킹,"스릴러, 판타지, 공포",미국,90분,2005.07.15 개봉
머시니스트,"스릴러, 드라마",스페인,101분,2005.04.09 개봉
덫: 치명적인 유혹,"스릴러, 멜로/로맨스",대한민국,107분,2015.09.17 개봉
존 윅,"스릴러, 액션",미국,107분,"2020.07.29 재개봉, 2020.03.19 재개봉, 2017.03.30 재개봉,  2015.01.21 개봉"
함정,"스릴러, 드라마, 미스터리",미국,120분,1999.10.16 개봉
본 콜렉터,"스릴러, 범죄",미국,118분,2000.01.01 개봉
거미숲,"스릴러, 미스터리",대한민국,112분,2004.09.03 개봉
달콤한 인생,"느와르, 액션, 드라마",대한민국,120분,2005.04.01 개봉
18 : 우리들의 성장 느와르,"느와르, 드라마",대한민국,104분,2014.08.14 개봉
하이힐,"느와르, 액션",대한민국,125분,"2014.06.18 재개봉,  2014.06.03 개봉"
사생결단,"느와르, 액션",대한민국,117분,2006.04.27 개봉
창수,느와르,대한민국,103분,2013.11.28 개봉
친구2,"느와르, 액션",대한민국,124분,2013.11.14 개봉
런던 블러바드,느와르,"미국, 영국",103분,"2013.01.03 재개봉,  2012.09.20 개봉"
미옥,"느와르, 범죄, 액션",대한민국,91분,2017.11.09 개봉
깡치,"느와르, 액션",대한민국,90분,2016.09.08 개봉
얼굴없는 보스,"느와르, 드라마",대한민국,100분,2019.11.21 개봉
할머니의 먼 집,다큐멘터리,대한민국,92분,2016.09.29 개봉
밥정,"다큐멘터리, 드라마",대한민국,82분,2020.10.07 개봉
주전장,다큐멘터리,미국,121분,2019.07.25 개봉
사이버 지옥: N번방을 무너뜨려라,다큐멘터리,대한민국,104분,
가나의 혼인잔치: 언약,"다큐멘터리, 드라마",미국,73분,2020.11.26 개봉
다시 태어나도 우리,다큐멘터리,대한민국,95분,2017.09.27 개봉
울지마 톤즈,다큐멘터리,대한민국,91분,2010.09.09 개봉
교회오빠,다큐멘터리,대한민국,85분,2019.05.16 개봉
폴란드로 간 아이들,"다큐멘터리, 드라마",대한민국,79분,2018.10.31 개봉
브레이크 더 사일런스: 더 무비,다큐멘터리,대한민국,89분,2020.09.24 개봉
자백,다큐멘터리,대한민국,106분,2016.10.13 개봉
더 코브: 슬픈 돌고래의 진실,다큐멘터리,미국,91분,2009.10.29 개봉
퀸 락 몬트리올,다큐멘터리,영국,95분,"2011.11.24 재개봉,  2009.07.30 개봉"
마이클 잭슨의 디스 이즈 잇,다큐멘터리,미국,111분,2009.10.28 개봉
브링 더 소울 : 더 무비,다큐멘터리,대한민국,101분,"2020.08.28 재개봉,  2019.08.07 개봉"
부활: 그 증거,다큐멘터리,대한민국,99분,2020.10.08 개봉
땐뽀걸즈,다큐멘터리,대한민국,85분,2017.09.27 개봉
트루맛쇼,다큐멘터리,대한민국,70분,2011.06.02 개봉
"님아, 그 강을 건너지 마오",다큐멘터리,대한민국,86분,2014.11.27 개봉
잉여들의 히치하이킹,다큐멘터리,대한민국,105분,2013.11.28 개봉
뚜르: 내 생애 최고의 49일,다큐멘터리,대한민국,97분,2017.02.01 개봉
슈퍼소닉,다큐멘터리,영국,122분,2016.11.24 개봉
"서서평, 천천히 평온하게",다큐멘터리,대한민국,78분,2017.04.26 개봉
너에게 가는 길,다큐멘터리,대한민국,93분,2021.11.17 개봉
칠곡 가시나들,다큐멘터리,대한민국,100분,2019.02.27 개봉
트와이스랜드,다큐멘터리,대한민국,109분,2018.12.07 개봉
식코,다큐멘터리,미국,120분,2008.04.03 개봉
비상,다큐멘터리,대한민국,100분,2006.12.14 개봉
트윈스터즈,"다큐멘터리, 가족","미국, 대한민국, 영국",89분,2016.03.03 개봉
전투왕,다큐멘터리,대한민국,73분,2022.02.17 개봉
피아니스트 세이모어의 뉴욕 소네트,다큐멘터리,미국,84분,2016.04.07 개봉
피의 연대기,다큐멘터리,대한민국,84분,2018.01.18 개봉
공범자들,다큐멘터리,대한민국,106분,2017.08.17 개봉
젝스키스 에이틴,다큐멘터리,대한민국,100분,2018.01.18 개봉
댄서,다큐멘터리,"영국, 미국, 러시아 연방, 우크라이나",85분,2017.04.13 개봉
"제자, 옥한흠",다큐멘터리,대한민국,92분,2014.10.30 개봉
나는 고양이로소이다,다큐멘터리,대한민국,90분,2017.06.08 개봉
타샤 튜더,다큐멘터리,일본,104분,2018.09.13 개봉
서칭 포 슈가맨,다큐멘터리,"스웨덴, 영국",86분,2012.10.11 개봉
인생 후르츠,다큐멘터리,일본,90분,2018.12.06 개봉
고양이 춤,다큐멘터리,대한민국,76분,2011.11.17 개봉
빅뱅 메이드,다큐멘터리,대한민국,114분,2016.06.30 개봉
인사이드 잡,"다큐멘터리, 범죄",미국,108분,2011.05.19 개봉
말하는 건축가,다큐멘터리,대한민국,95분,2012.03.08 개봉
김정일리아,"다큐멘터리, 드라마",미국,76분,2011.06.23 개봉
우리 학교,"다큐멘터리, 드라마",대한민국,131분,2007.03.29 개봉
"그날, 바다",다큐멘터리,대한민국,110분,2018.04.12 개봉
우린 액션배우다,"다큐멘터리, 액션, 코미디",대한민국,110분,2008.08.28 개봉
노무현입니다,다큐멘터리,대한민국,109분,2017.05.25 개봉
태양 아래,다큐멘터리,"체코, 러시아 연방, 독일, 라트비아, 북한",92분,2016.04.27 개봉
서유기 2 - 선리기연,"코미디, 액션, 모험, 판타지, 멜로/로맨스",홍콩,99분,2010.06.01 개봉
트루먼 쇼,"코미디, 드라마, SF",미국,103분,"2018.12.13 재개봉,  1998.10.24 개봉"
세 얼간이,코미디,인도,141분,"2016.11.09 재개봉,  2011.08.18 개봉"
미세스 다웃파이어,"코미디, 가족, 드라마",미국,125분,1994.01.22 개봉
언터처블: 1%의 우정,"코미디, 드라마",프랑스,112분,2012.03.22 개봉
모던 타임즈,코미디,미국,87분,"2015.03.19 재개봉, 1993.08.14 재개봉,  1989.12.09 개봉"
라따뚜이,"코미디, 가족, 모험, 애니메이션",미국,115분,2007.07.25 개봉
엽기적인 그녀,"코미디, 드라마, 멜로/로맨스",대한민국,137분,"2021.02.24 재개봉,  2001.07.27 개봉"
로마의 휴일,"코미디, 드라마, 멜로/로맨스","미국, 이탈리아",118분,1955.09.30 개봉
패밀리 맨,"코미디, 드라마, 멜로/로맨스, 판타지",미국,124분,2000.12.30 개봉
시스터 액트,"코미디, 범죄, 뮤지컬, 액션",미국,100분,1993.05.01 개봉
위대한 독재자,코미디,미국,126분,"2015.04.16 재개봉, 2002.11.01 재개봉,  1988 개봉"
빅,"코미디, 드라마, 판타지",미국,104분,1989.07.15 개봉
서유기 - 월광보합,"코미디, 액션, 모험, 판타지, 멜로/로맨스",홍콩,88분,"2010.06.01 재개봉,  1995.09.16 개봉"
스팅,"코미디, 범죄, 드라마",미국,129분,1978.11.04 개봉
스쿨 오브 락,코미디,영국,109분,"2017.11.29 재개봉,  2004.02.27 개봉"
라디오 스타,"코미디, 드라마",대한민국,115분,2006.09.28 개봉
과속스캔들,코미디,대한민국,108분,2008.12.03 개봉
마틸다,"코미디, 가족, 판타지",미국,98분,1997.08.09 개봉
마스크,"코미디, 판타지, 액션, 범죄",미국,97분,1994.08.20 개봉
조조 래빗,"코미디, 드라마, 전쟁",미국,108분,2020.02.05 개봉
패딩턴 2,"코미디, 드라마, 애니메이션","영국, 프랑스",104분,2018.02.08 개봉
쉘 위 댄스,"코미디, 드라마",일본,136분,2000.05.13 개봉
혐오스런 마츠코의 일생,"코미디, 뮤지컬",일본,129분,2007.04.12 개봉
즐거운 인생,코미디,대한민국,112분,2007.09.13 개봉
취권,"코미디, 액션",홍콩,107분,1979.09.29 개봉
클릭,"코미디, 드라마, 판타지",미국,107분,2007.02.01 개봉
아는 여자,코미디,대한민국,107분,2004.06.25 개봉
써니,"코미디, 드라마",대한민국,124분,"2011.07.28 재개봉,  2011.05.04 개봉"
우드잡,"코미디, 드라마",일본,116분,2015.01.07 개봉
시스터 액트 2,"코미디, 뮤지컬",미국,107분,1994.04.23 개봉
패치 아담스,"코미디, 드라마",미국,115분,1999.04.03 개봉
피케이: 별에서 온 얼간이,"코미디, 드라마",인도,129분,2015.09.03 개봉
내 깡패 같은 애인,"코미디, 드라마, 멜로/로맨스",대한민국,105분,2010.05.20 개봉
바그다드 카페 : 디렉터스컷,"코미디, 드라마","독일(구 서독), 미국",108분,"2021.04.28 재개봉, 2016.07.14 재개봉,  1993.07.17 개봉"
경찰서를 털어라,"코미디, 범죄, 액션","미국, 독일",93분,1999.11.06 개봉
브루스 올마이티,"코미디, 판타지, 멜로/로맨스",미국,100분,2003.07.11 개봉
"알로, 슈티",코미디,프랑스,106분,2015.07.02 개봉
결혼 이야기,"코미디, 드라마",미국,137분,2019.11.27 개봉
영구와 땡칠이,"코미디, 가족, 모험",대한민국,97분,1989.07.29 개봉
선생 김봉두,"코미디, 드라마",대한민국,117분,2003.03.28 개봉
인턴,코미디,미국,121분,2015.09.24 개봉
수상한 그녀,"코미디, 드라마",대한민국,124분,2014.01.22 개봉
터미널,"코미디, 멜로/로맨스, 드라마",미국,128분,2004.08.27 개봉
울학교 이티,"코미디, 드라마",대한민국,120분,2008.09.11 개봉
록 스탁 앤 투 스모킹 배럴즈,"코미디, 범죄",영국,105분,1999.06.12 개봉
불가사리,"코미디, SF, 공포",미국,92분,1990.09.08 개봉
그것만이 내 세상,"코미디, 드라마",대한민국,120분,2018.01.17 개봉
미스 리틀 선샤인,"코미디, 드라마, 모험",미국,102분,2006.12.21 개봉
스윙걸즈,코미디,일본,103분,2006.03.23 개봉
안녕 베일리,가족,미국,109분,2019.09.05 개봉
프리 윌리,"가족, 모험, 드라마",미국,112분,1994.08.06 개봉
메리 포핀스,"가족, 코미디, 뮤지컬, 판타지",미국,140분,"1979.05.03 재개봉,  1975.12.24 개봉"
리멤버 타이탄,"가족, 드라마",미국,113분,2001.04.14 개봉
아름다운 비행,"가족, 모험, 드라마",미국,107분,1996.12.28 개봉
후크,"가족, 모험, 판타지",미국,144분,1992.06.20 개봉
짱구는 못말려 극장판: 태풍을 부르는 노래하는 엉덩이 폭탄!,"가족, 코미디, 애니메이션",일본,102분,2009.09.24 개봉
오즈의 마법사,"가족, 판타지, 모험, 뮤지컬",미국,112분,2012.05.03 개봉
피터팬,"가족, 액션, 판타지, 모험",미국,105분,2004.01.16 개봉
하치 이야기,"가족, 드라마",일본,107분,2002.06.28 개봉
카,"가족, 코미디, 모험, 판타지, 애니메이션",미국,121분,2006.07.20 개봉
마음이...,"가족, 드라마",대한민국,97분,2006.10.26 개봉
덤보,"가족, 판타지",미국,111분,2019.03.27 개봉
투 브라더스,"가족, 드라마, 모험","프랑스, 영국",104분,2006.01.20 개봉
우리는 동물원을 샀다,"가족, 코미디",미국,124분,2012.01.18 개봉
하늘이 보내준 딸,가족,인도,115분,2012.04.19 개봉
걸어도 걸어도,"가족, 드라마",일본,114분,"2016.08.04 재개봉,  2009.06.18 개봉"
날아라 허동구,"가족, 코미디, 드라마",대한민국,96분,2007.04.26 개봉
해피 피트,"가족, 모험, 코미디, 뮤지컬, 애니메이션","오스트레일리아, 미국",108분,2006.12.21 개봉
우리 개 이야기,"가족, 드라마",일본,95분,2006.06.08 개봉
마음이 2,"가족, 코미디, 모험",대한민국,92분,2010.07.21 개봉
동경가족,"가족, 드라마",일본,146분,2014.07.31 개봉
프린세스 다이어리,"가족, 코미디, 드라마",미국,115분,2001.09.28 개봉
리지 맥과이어,"가족, 모험, 코미디",미국,94분,2004.02.26 개봉
춘몽,가족,대한민국,101분,2016.10.13 개봉
아이스케키,"가족, 드라마",대한민국,95분,2006.08.24 개봉
G-포스: 기니피그 특공대,"가족, 액션, 모험, 판타지, 코미디",미국,90분,2010.04.22 개봉
휴고,"가족, 미스터리, 모험, 드라마, 판타지",미국,126분,2012.02.29 개봉
용길이네 곱창집,"가족, 드라마",일본,127분,2020.03.12 개봉
비밀의 숲 테라비시아,"가족, 모험",미국,94분,2007.02.15 개봉
프린세스 다이어리 2,"가족, 멜로/로맨스, 코미디",미국,113분,2004.10.29 개봉
빨간 모자의 진실,"가족, 코미디, 애니메이션",미국,80분,2006.04.06 개봉
방울토마토,"가족, 드라마",대한민국,100분,2008.05.29 개봉
깡철이,가족,대한민국,108분,2013.10.02 개봉
썬키스 패밀리,"가족, 코미디, 멜로/로맨스",대한민국,105분,2019.03.27 개봉
마고리엄의 장난감 백화점,"가족, 판타지, 코미디",미국,93분,2007.12.24 개봉
어부바,가족,대한민국,107분,2022.05.11 개봉
콩가네,"가족, 코미디",대한민국,108분,2013.07.11 개봉
나이브스 아웃,"미스터리, 스릴러",미국,130분,"2021.01.14 재개봉,  2019.12.04 개봉"
원초적 본능,"미스터리, 스릴러",미국,128분,"2021.03.18 재개봉,  1992.05.23 개봉"
바닐라 스카이,"미스터리, 스릴러, SF, 멜로/로맨스, 드라마",미국,135분,2001.12.21 개봉
데블스 에드버킷,"미스터리, 스릴러, 드라마","미국, 독일",144분,1997.12.20 개봉
백설공주 살인사건,"미스터리, 서스펜스",일본,126분,2015.02.12 개봉
중독노래방,"미스터리, 판타지",대한민국,106분,2017.06.15 개봉
디 아더스,"미스터리, 공포","미국, 프랑스, 스페인",104분,"2017.09.07 재개봉,  2002.01.11 개봉"
폰 부스,"미스터리, 스릴러",미국,81분,2003.06.13 개봉
무명인,"미스터리, 스릴러, 액션","대한민국, 일본",120분,2014.05.29 개봉
미씽: 사라진 여자,"미스터리, 가족, 서스펜스",대한민국,100분,2016.11.30 개봉
그랜드 부다페스트 호텔,"미스터리, 모험","독일, 영국",100분,"2018.10.11 재개봉,  2014.03.20 개봉"
리스본행 야간열차,"미스터리, 멜로/로맨스, 스릴러","독일, 스위스, 포르투갈",111분,2014.06.05 개봉
검은 사제들,"미스터리, 드라마",대한민국,108분,2015.11.05 개봉
겟 아웃,"미스터리, 공포, 스릴러, 드라마",미국,104분,2017.05.17 개봉
컨테이젼,"미스터리, 스릴러",미국,103분,2011.09.22 개봉
데스 노트 - 라스트 네임,"미스터리, 범죄, 스릴러, 모험","미국, 일본",139분,2007.01.10 개봉
마녀,"미스터리, 액션",대한민국,125분,2018.06.27 개봉
런,"미스터리, 스릴러",미국,90분,2020.11.20 개봉
해피 데스데이,"미스터리, 공포, 스릴러",미국,96분,2017.11.08 개봉
기억의 밤,"미스터리, 스릴러",대한민국,109분,2017.11.29 개봉
리미트리스,"미스터리, 스릴러, 액션",미국,105분,2012.07.12 개봉
천사와 악마,"미스터리, 스릴러, 범죄, 액션",미국,138분,2009.05.14 개봉
화차,미스터리,대한민국,117분,2012.03.08 개봉
웃는 남자,"미스터리, 판타지","프랑스, 체코",95분,2013.03.28 개봉
백야행 - 하얀 어둠 속을 걷다,"미스터리, 멜로/로맨스, 스릴러, 범죄, 드라마",대한민국,135분,2009.11.19 개봉
줄리아의 눈,"미스터리, 스릴러, 범죄, 공포",스페인,117분,2011.03.31 개봉
적인걸2: 신도해왕의 비밀,"미스터리, 액션, 범죄",중국,128분,2013.10.02 개봉
오드 토머스,"미스터리, 스릴러, SF",미국,97분,2014.08.27 개봉
인페르노,"미스터리, 스릴러","미국, 일본, 튀르키예, 헝가리",121분,2016.10.19 개봉
조용한 세상,"미스터리, 드라마, 스릴러",대한민국,107분,2006.12.14 개봉
이레셔널 맨,미스터리,미국,95분,2016.07.21 개봉
프랙처드,"미스터리, 스릴러",미국,99분,
더 기프트,"미스터리, 스릴러","오스트레일리아, 미국",108분,2015.11.05 개봉
용의자X,미스터리,대한민국,119분,2012.10.18 개봉
곡성(哭聲),"미스터리, 스릴러, 드라마",대한민국,156분,2016.05.12 개봉
더 룸,"미스터리, 스릴러","프랑스, 룩셈부르크, 벨기에",100분,2019.09.25 개봉
내일의 기억,"미스터리, 스릴러",대한민국,99분,2021.04.21 개봉
베스트셀러,미스터리,대한민국,117분,2010.04.15 개봉
스마일,"미스터리, 공포",미국,115분,2022.10.06 개봉
시간위의 집,"미스터리, 스릴러",대한민국,100분,2017.04.05 개봉
콜,"미스터리, 스릴러",대한민국,112분,2020.11.27 개봉
클로버필드 10번지,"미스터리, 스릴러",미국,103분,2016.04.07 개봉
시크릿 인 데어 아이즈,"미스터리, 스릴러",미국,111분,2016.04.27 개봉
그때 그사람들,"미스터리, 코미디",대한민국,102분,2005.02.03 개봉
된장,미스터리,대한민국,107분,2010.10.21 개봉
다빈치 코드,"미스터리, 드라마, 스릴러",미국,147분,2006.05.18 개봉
오큘러스,"미스터리, 공포, 스릴러",미국,105분,2014.05.29 개봉
소녀,"미스터리, 멜로/로맨스, 스릴러",대한민국,109분,2013.11.07 개봉
방법: 재차의,"미스터리, 스릴러",대한민국,109분,2021.07.28 개봉
사바하,"미스터리, 스릴러",대한민국,122분,2019.02.20 개봉
라이언 일병 구하기,"전쟁, 액션, 드라마",미국,170분,1998.09.12 개봉
12번째 솔저,전쟁,노르웨이,135분,2019.04.11 개봉
태극기 휘날리며,"전쟁, 드라마, 액션",대한민국,145분,"2021.03.17 재개봉,  2004.02.05 개봉"
플래툰,"전쟁, 드라마",미국,120분,"2017.06.15 재개봉,  1987.07.04 개봉"
블랙 호크 다운,"전쟁, 드라마",미국,144분,2002.02.01 개봉
7월 4일생,"전쟁, 드라마",미국,145분,1990.03.17 개봉
메리 크리스마스,"전쟁, 드라마","프랑스, 독일, 영국, 벨기에, 루마니아",115분,2007.12.20 개봉
에너미 앳 더 게이트,"전쟁, 드라마, 스릴러, 액션","미국, 독일, 영국, 아일랜드",130분,2001.05.19 개봉
진링의 13소녀,"전쟁, 서사, 드라마","중국, 홍콩",146분,2013.11.14 개봉
라스트 모히칸,"전쟁, 멜로/로맨스",미국,114분,"2017.09.14 재개봉,  1992.11.28 개봉"
디어 헌터,"전쟁, 드라마",미국,184분,"2022.06.23 재개봉,  1979.03.03 개봉"
아웃포스트,"전쟁, 드라마","미국, 불가리아",123분,2020.09.23 개봉
고지전,"전쟁, 드라마",대한민국,133분,2011.07.20 개봉
진주만,"전쟁, 드라마, 액션, 멜로/로맨스",미국,177분,2001.06.01 개봉
보리밭을 흔드는 바람,"전쟁, 드라마","독일, 이탈리아, 프랑스, 아일랜드, 영국",126분,"2019.12.18 재개봉,  2006.11.02 개봉"
스탈린그라드: 최후의 전투,"전쟁, 드라마","독일, 스웨덴",134분,"2014.01.23 재개봉,  1997.06.28 개봉"
허트 로커,"전쟁, 액션",미국,130분,"2021.03.11 재개봉,  2010.04.22 개봉"
태양의 제국,"전쟁, 드라마",미국,153분,1989.07.08 개봉
실미도,"전쟁, 스릴러, 드라마, 액션",대한민국,135분,2003.12.24 개봉
워 호스,"전쟁, 드라마","미국, 인도",146분,2012.02.09 개봉
위 워 솔저스,"전쟁, 드라마",미국,138분,2002.05.03 개봉
에너미 라인스,"전쟁, 액션",미국,105분,2002.01.18 개봉
브라더스,"전쟁, 드라마, 스릴러",미국,104분,2010.05.05 개봉
장사리 : 잊혀진 영웅들,전쟁,대한민국,104분,2019.09.25 개봉
포화 속으로,"전쟁, 드라마",대한민국,120분,2010.06.16 개봉
디파이언스,"전쟁, 드라마",미국,136분,2009.01.08 개봉
황시,"전쟁, 드라마","오스트레일리아, 중국, 독일",124분,2008.09.18 개봉
태양의 눈물,"전쟁, 액션, 드라마, 스릴러",미국,118분,2003.04.04 개봉
인천상륙작전,"전쟁, 드라마",대한민국,110분,2016.07.27 개봉
스페셜 포스 : 블러드 마운틴,"전쟁, 액션, 드라마",튀르키예,107분,2017.07.27 개봉
님은 먼곳에,"전쟁, 드라마, 모험",대한민국,126분,2008.07.24 개봉
명장,"전쟁, 액션","중국, 홍콩",126분,2008.01.30 개봉
제9중대,전쟁,"러시아 연방, 우크라이나",130분,2007.09.13 개봉
아버지의 깃발,"전쟁, 액션, 드라마",미국,131분,2007.02.15 개봉
묵공,"전쟁, 드라마","중국, 대한민국, 일본, 홍콩",132분,2007.01.10 개봉
삼국지: 명장 관우,"전쟁, 액션, 드라마",홍콩,110분,"2017.01.25 재개봉,  2011.05.19 개봉"
알렉산더,"전쟁, 모험, 드라마","미국, 영국, 독일, 네덜란드",175분,"2015.09.17 재개봉,  2004.12.31 개봉"
적벽대전 2부 - 최후의 결전,"전쟁, 액션",중국,141분,2009.01.22 개봉
집결호,"전쟁, 액션","중국, 홍콩, 대한민국",124분,2008.03.06 개봉
인천상륙작전 : 익스텐디드 에디션(확장판),"전쟁, 드라마",대한민국,141분,2016.09.13 개봉
적벽대전 1부 - 거대한 전쟁의 시작,"전쟁, 액션, 모험, 드라마",중국,132분,2008.07.10 개봉
작은 연못,"전쟁, 드라마",대한민국,86분,"2010.06.23 재개봉,  2010.04.15 개봉"
삼국지 - 용의 부활,"전쟁, 액션, 드라마","중국, 대한민국, 홍콩",101분,2008.04.03 개봉
서부전선,"전쟁, 드라마",대한민국,112분,2015.09.24 개봉
혈투,"전쟁, 액션, 드라마",대한민국,111분,2011.02.24 개봉
"DMZ, 비무장지대","전쟁, 드라마",대한민국,100분,2004.11.26 개봉
800,"전쟁, 액션",중국,149분,2020.12.10 개봉
클라우스,"애니메이션, 코미디, 가족","스페인, 영국",96분,2019.11.15 개봉
디지몬 어드벤처 라스트 에볼루션 : 인연,"애니메이션, 모험",일본,114분,2021.02.17 개봉
극장판 바이올렛 에버가든,"애니메이션, 드라마, 판타지",일본,140분,2020.11.12 개봉
월-E,"애니메이션, SF, 가족, 코미디, 멜로/로맨스, 모험",미국,104분,2008.08.06 개봉
명탐정 코난: 할로윈의 신부,애니메이션,일본,110분,"2022.10.28 재개봉,  2022.07.13 개봉"
센과 치히로의 행방불명,"애니메이션, 판타지, 모험, 가족",일본,126분,"2015.02.05 재개봉,  2002.06.28 개봉"
토이 스토리 3,"애니메이션, 모험, 코미디, 가족, 판타지",미국,102분,2010.08.05 개봉
씽2게더,애니메이션,미국,110분,2022.01.05 개봉
주토피아,"애니메이션, 액션, 모험, 코미디, 가족",미국,108분,2016.02.17 개봉
모노노케 히메,"애니메이션, 모험, 액션",일본,135분,2003.04.25 개봉
오세암,"애니메이션, 드라마",대한민국,75분,2003.05.01 개봉
아기공룡 둘리 - 얼음별 대모험,"애니메이션, 가족, 코미디, 모험, 뮤지컬",대한민국,80분,1996.07.24 개봉
언더독,애니메이션,대한민국,102분,2019.01.16 개봉
천공의 성 라퓨타,"애니메이션, 판타지, 모험",일본,124분,2004.04.30 개봉
라푼젤,"애니메이션, 코미디, 가족, 판타지, 뮤지컬, 멜로/로맨스",미국,100분,2011.02.10 개봉
업,"애니메이션, 가족, 모험, 코미디, 액션",미국,101분,2009.07.29 개봉
토이 스토리,"애니메이션, 코미디, 가족, 판타지",미국,77분,"2010.05.05 재개봉,  1995.12.30 개봉"
드래곤 길들이기,"애니메이션, 모험, 코미디, 가족, 판타지",미국,98분,"2019.01.17 재개봉,  2010.05.20 개봉"
아이언 자이언트,"애니메이션, SF, 액션, 가족",미국,90분,"2019.10.09 재개봉,  2000.05 개봉"
코코,"애니메이션, 모험, 코미디",미국,104분,2018.01.11 개봉
주먹왕 랄프,"애니메이션, 코미디, 가족",미국,108분,2012.12.19 개봉
극장판 짱구는 못말려: 격돌! 낙서왕국과 얼추 네 명의 용사들,애니메이션,일본,103분,2021.09.15 개봉
소울,애니메이션,미국,107분,2021.01.20 개봉
바람계곡의 나우시카,"애니메이션, SF",일본,116분,2000.12.30 개봉
몬스터 주식회사 3D,"애니메이션, 가족, 모험, 판타지, 코미디",미국,92분,"2013.02.07 재개봉,  2001.12.20 개봉"
극장판 짱구는 못말려: 수수께끼! 꽃피는 천하떡잎학교,애니메이션,일본,105분,2022.09.28 개봉
뽀로로 극장판 보물섬 대모험,애니메이션,대한민국,79분,2019.04.25 개봉
타잔,"애니메이션, 가족, 모험",미국,88분,1999.07.17 개봉
명탐정 코난: 베이커가의 망령,애니메이션,일본,106분,2008.05.01 개봉
극장판 귀멸의 칼날: 무한열차편,애니메이션,일본,117분,"2022.04.21 재개봉,  2021.01.27 개봉"
이웃집 토토로,"애니메이션, 가족, 판타지",일본,87분,"2019.06.06 재개봉,  2001.07.28 개봉"
드래곤 길들이기 3,"애니메이션, 모험",미국,104분,2019.01.30 개봉
토이 스토리 2,"애니메이션, 모험",미국,92분,"2010.05.05 재개봉,  1999.12.18 개봉"
동급생,애니메이션,일본,61분,2016.05.19 개봉
인크레더블,"애니메이션, 가족, 모험, 액션, 코미디",미국,121분,2004.12.15 개봉
스피릿,"애니메이션, 서부, 가족",미국,75분,2002.07.05 개봉
갓파 쿠와 여름방학을,애니메이션,일본,138분,"2016.08.25 재개봉,  2008.06.26 개봉"
프린스 앤 프린세스,"애니메이션, 코미디, 가족",프랑스,67분,2001.05.05 개봉
크루즈 패밀리,"애니메이션, 모험, 코미디, 가족",미국,98분,2013.05.16 개봉
명탐정 코난: 천공의 난파선,"애니메이션, 모험, 가족",일본,103분,2010.07.21 개봉
극장판 헬로카봇 : 백악기 시대,애니메이션,대한민국,84분,2018.08.01 개봉
고 녀석 맛나겠다,"애니메이션, 가족, 모험",일본,89분,2011.07.07 개봉
극장판 주술회전 0,애니메이션,일본,105분,2022.02.17 개봉
레드슈즈,"애니메이션, 모험, 코미디, 판타지, 멜로/로맨스",대한민국,92분,2019.07.25 개봉
인크레더블 2,"애니메이션, 액션, 모험",미국,125분,2018.07.18 개봉
러빙 빈센트,"애니메이션, 미스터리","영국, 폴란드",95분,"2021.03.17 재개봉, 2018.12.13 재개봉,  2017.11.09 개봉"
보루토 - 나루토 더 무비,애니메이션,일본,95분,2015.12.10 개봉
살인의 추억,"범죄, 미스터리, 스릴러, 코미디, 드라마",대한민국,132분,2003.04.25 개봉
레옹,"범죄, 액션, 드라마","프랑스, 미국",132분,"2020.06.11 재개봉, 2013.04.11 재개봉, 1998.01.24 재개봉,  1995.02.18 개봉"
범죄도시2,"범죄, 액션",대한민국,106분,2022.05.18 개봉
프리퀀시,"범죄, 드라마, SF, 스릴러",미국,117분,2000.11.25 개봉
그랜 토리노,"범죄, 드라마",미국,116분,2009.03.19 개봉
대부 2,"범죄, 드라마",미국,200분,"2010.10.07 재개봉,  1978.04.20 개봉"
그린 마일,"범죄, 드라마, 판타지, 미스터리",미국,188분,2000.03.04 개봉
칼리토,"범죄, 드라마, 스릴러",미국,145분,1994.02.05 개봉
캐치 미 이프 유 캔,"범죄, 스릴러, 드라마",미국,140분,2003.01.24 개봉
타짜,"범죄, 드라마, 코미디, 스릴러",대한민국,139분,"2021.12.01 재개봉,  2006.09.28 개봉"
대부 3,"범죄, 드라마",미국,171분,1991.03.16 개봉
공공의 적,"범죄, 액션",대한민국,138분,2002.01.25 개봉
아메리칸 히스토리 X,"범죄, 스릴러, 드라마",미국,117분,1999.04.17 개봉
태양은 가득히,"범죄, 스릴러, 드라마","프랑스, 이탈리아",112분,"2004.05.11 재개봉,  1960.11.24 개봉"
어 퓨 굿 맨,"범죄, 미스터리, 드라마",미국,137분,1992.12.18 개봉
JFK,"범죄, 드라마, 미스터리, 스릴러",미국,189분,1992.05.02 개봉
대부,"범죄, 드라마, 스릴러",미국,175분,"2010.05.27 재개봉, 1977.05.25 재개봉,  1973.09.01 개봉"
히트,"범죄, 액션",미국,170분,"2017.11.09 재개봉,  1996.08.10 개봉"
무간도,"범죄, 스릴러, 느와르, 드라마",홍콩,100분,"2016.03.17 재개봉, 2011.09.08 재개봉,  2003.02.21 개봉"
추격자,"범죄, 스릴러, 액션",대한민국,123분,2008.02.14 개봉
세븐 데이즈,"범죄, 스릴러",대한민국,125분,2007.11.14 개봉
내부자들: 디 오리지널,"범죄, 드라마",대한민국,180분,2015.12.31 개봉
도니 브래스코,"범죄, 드라마",미국,121분,1998.06.20 개봉
호텔 뭄바이,"범죄, 드라마, 스릴러",오스트레일리아,123분,2019.05.08 개봉
양들의 침묵,"범죄, 공포, 스릴러",미국,118분,1991.06.15 개봉
끝까지 간다,"범죄, 액션",대한민국,111분,2014.05.29 개봉
내부자들,"범죄, 드라마",대한민국,130분,2015.11.19 개봉
종횡사해,"범죄, 액션, 드라마",홍콩,107분,"2015.10.15 재개봉,  1991.02.14 개봉"
인비저블 게스트,"범죄, 미스터리, 스릴러",스페인,106분,2017.09.21 개봉
무간도 3 - 종극무간,"범죄, 드라마",홍콩,117분,"2011.09.08 재개봉,  2004.07.02 개봉"
신세계,"범죄, 드라마",대한민국,134분,"2020.05.21 재개봉,  2013.02.21 개봉"
스카페이스,"범죄, 드라마, 액션",미국,170분,1984.12.08 개봉
프라이멀 피어,"범죄, 드라마, 미스터리, 스릴러",미국,131분,1996.05.24 개봉
프라미싱 영 우먼,"범죄, 드라마, 스릴러",미국,114분,2021.02.24 개봉
트레인스포팅,"범죄, 드라마",영국,93분,1997.02.22 개봉
LA 컨피덴셜,"범죄, 미스터리, 스릴러, 드라마",미국,136분,1998.03.07 개봉
시티 오브 갓,"범죄, 스릴러, 드라마","브라질, 프랑스, 미국",129분,"2020.07.09 재개봉,  2005.11.03 개봉"
슬럼독 밀리어네어,"범죄, 드라마, 멜로/로맨스","영국, 미국",120분,"2020.03.12 재개봉,  2009.03.19 개봉"
메멘토,"범죄, 스릴러, 미스터리",미국,113분,"2020.08.19 재개봉, 2014.11.20 재개봉,  2001.08.25 개봉"
바람의 소리,"범죄, 드라마, 스릴러, 전쟁",중국,112분,2013.06.13 개봉
비열한 거리,"범죄, 액션, 느와르",대한민국,141분,2006.06.15 개봉
범죄의 재구성,"범죄, 스릴러, 코미디",대한민국,116분,2004.04.15 개봉
펄프 픽션,"범죄, 드라마, 코미디, 스릴러",미국,154분,1994.09.10 개봉
리플리,"범죄, 스릴러",미국,139분,2000.03.04 개봉
아이리시맨,"범죄, 드라마, 스릴러",미국,209분,2019.11.20 개봉
부당거래,"범죄, 드라마",대한민국,119분,2010.10.28 개봉
보이 A,"범죄, 드라마, 멜로/로맨스",영국,106분,2009.05.21 개봉
몬스터,"범죄, 드라마","미국, 독일",111분,2004.06.18 개봉
용의자 X의 헌신,"범죄, 드라마, 미스터리",일본,128분,2009.04.09 개봉
유주얼 서스펙트,"범죄, 스릴러, 미스터리","미국, 독일",106분,"2016.10.20 재개봉,  1996.01.27 개봉"
하이 스쿨 뮤지컬: 졸업반,"뮤지컬, 코미디, 드라마, 가족, 멜로/로맨스",미국,111분,2009.02.19 개봉
사랑은 비를 타고,"뮤지컬, 멜로/로맨스, 코미디",미국,103분,"2022.09.21 재개봉,  1954.10.21 개봉"
물랑 루즈,"뮤지컬, 멜로/로맨스",미국,125분,"2014.04.17 재개봉,  2001.10.26 개봉"
씽,"뮤지컬, 애니메이션",미국,108분,2016.12.21 개봉
시카고,"뮤지컬, 범죄, 드라마","미국, 독일, 캐나다",113분,"2016.12.15 재개봉,  2003.03.28 개봉"
맘마미아!2,뮤지컬,미국,114분,2018.08.08 개봉
헤어스프레이,"뮤지컬, 코미디","미국, 영국",115분,2007.12.06 개봉
딥,"뮤지컬, 애니메이션, 모험","미국, 벨기에, 스페인",85분,2017.10.03 개봉
삼거리 극장,뮤지컬,대한민국,120분,2006.11.23 개봉
어크로스 더 유니버스,"뮤지컬, 드라마, 멜로/로맨스",미국,132분,2008.02.14 개봉
인 더 하이츠,뮤지컬,미국,142분,2021.06.30 개봉
락 오브 에이지,"뮤지컬, 드라마",미국,123분,2012.08.02 개봉
디어 에반 핸슨,"뮤지컬, 드라마",미국,137분,2021.11.17 개봉
페임,"뮤지컬, 드라마",미국,122분,"2020.03.25 재개봉,  2009.09.24 개봉"
나인,"뮤지컬, 멜로/로맨스, 드라마","미국, 이탈리아",118분,2009.12.31 개봉
퍼햅스 러브,"뮤지컬, 멜로/로맨스",홍콩,106분,2006.01.05 개봉
구미호 가족,"뮤지컬, 판타지, 코미디",대한민국,102분,2006.09.28 개봉
캣츠,"뮤지컬, 드라마","미국, 영국",109분,2019.12.24 개봉
아바타 리마스터링,"SF, 모험, 액션, 전쟁",미국,166분,2022.09.21 개봉
터미네이터 2:오리지널,"SF, 액션, 스릴러","미국, 프랑스",137분,"2019.10.24 재개봉, 2013.11.14 재개봉,  1991.07.06 개봉"
빽 투 더 퓨쳐,"SF, 코미디",미국,120분,"2015.10.21 재개봉,  1987.07.17 개봉"
매트릭스,"SF, 액션",미국,136분,"2021.12.09 재개봉, 2019.09.25 재개봉, 2016.09.22 재개봉,  1999.05.15 개봉"
에이리언 2,"SF, 공포, 스릴러, 액션",미국,137분,1986.12.24 개봉
에이 아이,"SF, 드라마, 판타지",미국,144분,2001.08.10 개봉
쥬라기 공원,"SF, 액션, 모험",미국,123분,"2013.06.27 재개봉,  1993.07.17 개봉"
바이센테니얼 맨,"SF, 드라마",미국,133분,2000.01.29 개봉
가타카,"SF, 드라마, 스릴러",미국,106분,1998.05.02 개봉
터미네이터,"SF, 액션, 스릴러",미국,108분,1984.12.22 개봉
로보캅,"SF, 액션, 범죄",미국,103분,1987.12.25 개봉
마이너리티 리포트,"SF, 드라마, 미스터리, 범죄, 액션",미국,145분,2002.07.26 개봉
이티,"SF, 판타지, 가족, 모험",미국,110분,"2011.08.11 재개봉, 2002.04.05 재개봉,  1984.06.23 개봉"
빽 투 더 퓨쳐 2,"SF, 코미디",미국,107분,"2015.10.21 재개봉,  1990.01.13 개봉"
콘택트,SF,미국,145분,1997.11.15 개봉
혹성탈출,"SF, 액션, 드라마, 미스터리",미국,100분,1969.09.25 개봉
빽 투 더 퓨쳐 3,"SF, 서부, 판타지, 코미디",미국,117분,1990.07.14 개봉
인터스텔라,SF,"미국, 영국",169분,"2016.01.14 재개봉,  2014.11.06 개봉"
스타워즈 에피소드 3 - 시스의 복수,"SF, 모험, 액션",미국,139분,2005.05.26 개봉
보물성,"SF, 판타지, 모험, 애니메이션",미국,95분,2003.01.01 개봉
스타워즈 에피소드 5 - 제국의 역습,"SF, 모험, 액션, 판타지",미국,124분,1997.04.26 개봉
아바타,"SF, 모험, 액션, 전쟁",미국,162분,"2018.06.21 재개봉, 2010.09.04 재개봉,  2009.12.17 개봉"
아마겟돈,"SF, 드라마, 멜로/로맨스, 액션, 스릴러",미국,145분,1998.07.03 개봉
엑스맨: 퍼스트 클래스,"SF, 스릴러, 액션, 모험, 드라마",미국,132분,2011.06.02 개봉
케이 팩스,"SF, 드라마, 판타지","미국, 독일",120분,2003.09.19 개봉
스타쉽 트루퍼스,"SF, 액션",미국,129분,1997.11.29 개봉
스타워즈 에피소드 4 - 새로운 희망,"SF, 모험, 액션, 판타지",미국,121분,"1997.04.12 재개봉,  1978.06.01 개봉"
스타워즈 에피소드 6 - 제다이의 귀환,"SF, 모험, 액션, 판타지",미국,133분,"1997.05.10 재개봉,  1987.07.14 개봉"
디스트릭트 9,"SF, 액션, 스릴러, 드라마","미국, 뉴질랜드, 캐나다, 남아프리카공화국",112분,2009.10.15 개봉
아이언맨,"SF, 액션, 드라마, 판타지",미국,125분,2008.04.30 개봉
엑스맨: 데이즈 오브 퓨처 패스트,"SF, 모험, 액션, 판타지",미국,134분,2014.05.22 개봉
아이언맨 3,"SF, 모험, 액션","미국, 중국",129분,2013.04.25 개봉
트랜스포머,"SF, 액션, 모험",미국,135분,2007.06.28 개봉
토탈 리콜,"SF, 액션",미국,113분,1990.12.19 개봉
지구를 지켜라!,"SF, 스릴러",대한민국,117분,2003.04.04 개봉
매트릭스 2 - 리로디드,"SF, 모험, 액션, 판타지",미국,138분,2003.05.23 개봉
12 몽키즈,"SF, 드라마, 스릴러",미국,129분,1996.04.05 개봉
아일랜드,"SF, 모험, 액션",미국,136분,2005.07.21 개봉
"아이, 로봇","SF, 스릴러, 모험, 액션",미국,110분,2004.07.30 개봉
딥 임팩트,"SF, 드라마",미국,125분,1998.05.16 개봉
블레이드 러너,"SF, 액션, 드라마",미국,118분,"2022.10.05 재개봉, 2018.02.15 재개봉,  1993.05.08 개봉"
공각기동대,"SF, 판타지, 애니메이션","일본, 영국",83분,2002.04.12 개봉
13 구역,"SF, 액션",프랑스,84분,2006.08.24 개봉
스타 트렉: 더 비기닝,"SF, 모험, 액션",미국,126분,2009.05.07 개봉
맨 인 블랙,"SF, 액션, 코미디",미국,98분,1997.07.12 개봉
레지던트 이블,"SF, 스릴러, 모험, 액션, 공포","독일, 미국, 영국",100분,2002.06.13 개봉
매트릭스 3 - 레볼루션,"SF, 스릴러, 액션",미국,128분,2003.11.05 개봉
더 문,"SF, 스릴러",영국,97분,2009.11.26 개봉
다크 시티,"SF, 미스터리, 스릴러","미국, 오스트레일리아",100분,1998.12.05 개봉
터미네이터: 다크 페이트,"SF, 액션",미국,128분,2019.10.30 개봉
탑건: 매버릭,액션,미국,130분,2022.06.22 개봉
포드 V 페라리,"액션, 드라마",미국,152분,2019.12.04 개봉
글래디에이터,"액션, 드라마","미국, 영국",154분,2000.06.03 개봉
태극권,"액션, 코미디",홍콩,96분,1993.11.20 개봉
헌터 킬러,"액션, 스릴러",미국,121분,2018.12.06 개봉
어벤져스: 엔드게임,"액션, SF",미국,181분,2019.04.24 개봉
클레멘타인,"액션, 드라마","대한민국, 미국",100분,2004.05.21 개봉
잭 스나이더의 저스티스 리그,"액션, 모험, 판타지, SF",미국,242분,
더 록,액션,미국,131분,1996.07.13 개봉
다크 나이트,"액션, 범죄, 드라마, 미스터리",미국,152분,"2020.07.01 재개봉, 2017.07.12 재개봉, 2009.02.19 재개봉,  2008.08.06 개봉"
폴리스 스토리,"액션, 코미디",홍콩,99분,"2015.03.19 재개봉,  1988.07.23 개봉"
다이 하드,"액션, 스릴러, 범죄",미국,131분,1988.09.24 개봉
동방불패,"액션, 드라마",홍콩,107분,"2013.12.18 재개봉,  1992.03.25 개봉"
영웅: 샐러멘더의 비밀,액션,"러시아 연방, 미국, 대한민국",102분,2013.03.14 개봉
취권 2,"액션, 코미디",홍콩,100분,1994.02.05 개봉
RRR: 라이즈 로어 리볼트,"액션, 드라마",인도,185분,
브레이브하트,"액션, 드라마, 전쟁",미국,177분,1995.06.17 개봉
본 얼티메이텀,"액션, 미스터리, 스릴러","미국, 독일",115분,"2016.07.14 재개봉,  2007.09.12 개봉"
해바라기,"액션, 드라마",대한민국,116분,2006.11.23 개봉
아저씨,"액션, 범죄, 드라마",대한민국,119분,2010.08.04 개봉
인셉션,"액션, 모험, SF, 스릴러","미국, 영국",147분,"2020.08.12 재개봉, 2020.01.29 재개봉,  2010.07.21 개봉"
크림슨 타이드,"액션, 드라마, 스릴러",미국,116분,1995.09.08 개봉
백발마녀전,"액션, 공포, 스릴러, 드라마",홍콩,87분,"2009.03.27 재개봉,  1993.09.25 개봉"
엽문,"액션, 드라마",홍콩,106분,2009.04.16 개봉
페이스 오프,액션,미국,138분,1997.08.09 개봉
테이큰,"액션, 범죄, 스릴러, 드라마",프랑스,93분,"2020.03.19 재개봉,  2008.04.09 개봉"
프레데터,"액션, 공포, SF, 스릴러",미국,105분,1987.07.17 개봉
천장지구,"액션, 드라마, 멜로/로맨스",홍콩,90분,1990.10.13 개봉
네고시에이터,"액션, 범죄, 드라마, 미스터리, 스릴러","미국, 독일",139분,1998.10.24 개봉
영웅본색,"액션, 범죄, 느와르, 드라마",홍콩,94분,"2016.02.17 재개봉, 2009.03.27 재개봉, 2008.08.08 재개봉,  1987.05.23 개봉"
에너미 오브 스테이트,"액션, 스릴러, 드라마",미국,131분,1998.12.24 개봉
범죄도시,액션,대한민국,121분,2017.10.03 개봉
도망자,"액션, 모험, 범죄, 미스터리, 스릴러",미국,130분,1993.09.11 개봉
스트레인저 - 무황인담,"액션, 애니메이션",일본,103분,2009.03.12 개봉
스피드,"액션, 스릴러",미국,115분,1994.06.25 개봉
미션 임파서블: 폴아웃,"액션, 모험, 스릴러",미국,147분,2018.07.25 개봉
분노의 질주: 더 세븐,"액션, 범죄, 스릴러",미국,138분,2015.04.01 개봉
노킹 온 헤븐스 도어,"액션, 범죄, 드라마, 코미디","독일, 네덜란드, 벨기에",89분,"2013.05.16 재개봉,  1998.02.28 개봉"
클리프행어,"액션, 스릴러",미국,112분,1993.06.12 개봉
7인의 사무라이,"액션, 모험, 드라마",일본,205분,2004.04.16 개봉
콘 에어,"액션, 모험, 스릴러",미국,115분,1997.06.28 개봉
투캅스 3,"액션, 코미디",대한민국,96분,1998.04.11 개봉
정무문,"액션, 드라마, 멜로/로맨스",홍콩,106분,"2013.08.29 재개봉,  1973.07.27 개봉"
첩혈쌍웅,"액션, 범죄, 드라마, 스릴러",홍콩,111분,"2016.08.25 재개봉,  1989.07.29 개봉"
로건,"액션, SF",미국,137분,2017.03.01 개봉
이연걸의 정무문,액션,홍콩,103분,1994.12.24 개봉
록키 2,"액션, 드라마",미국,121분,1980.05.31 개봉
업그레이드,액션,오스트레일리아,100분,2018.09.06 개봉
배트맨 2,"액션, SF, 판타지",미국,126분,1992.07.11 개봉
